{
    "headpose": {
        "mean": [
            -12.780730247497559,
            -2.6204137802124023,
            -0.2717539668083191
        ],
        "std": [
            9.53945255279541,
            4.228747844696045,
            4.318180561065674
        ]
    },
    "eye_landmarks": {
        "mean": [
            20.040733337402344,
            31.684953689575195,
            22.746122360229492,
            33.695274353027344,
            25.596965789794922,
            34.80972671508789,
            29.385208129882812,
            35.33235168457031,
            34.45014190673828,
            34.8735466003418,
            39.055076599121094,
            33.687015533447266,
            43.30719757080078,
            32.319129943847656,
            46.08871078491211,
            31.692659378051758,
            47.2445182800293,
            31.198829650878906,
            21.19890785217285,
            30.274211883544922,
            22.74042320251465,
            28.636280059814453,
            25.618301391601562,
            26.52265167236328,
            30.56354522705078,
            24.957265853881836,
            35.807376861572266,
            24.852487564086914,
            41.124759674072266,
            26.602506637573242,
            45.21766662597656,
            29.42535400390625,
            18.041250228881836,
            31.834749221801758,
            21.11243438720703,
            35.61384582519531,
            24.621618270874023,
            37.96285629272461,
            29.819374084472656,
            38.600746154785156,
            35.220306396484375,
            38.08253860473633,
            40.6008415222168,
            36.744468688964844,
            44.93472671508789,
            34.84660339355469,
            47.68653869628906,
            33.195858001708984,
            49.16958999633789,
            31.109018325805664,
            17.349470138549805,
            27.565410614013672,
            19.273733139038086,
            24.06463623046875,
            22.973979949951172,
            20.973920822143555,
            28.962783813476562,
            19.137020111083984,
            35.680477142333984,
            19.33301544189453,
            41.54164505004883,
            21.655990600585938,
            47.030616760253906,
            26.646032333374023,
            15.707158088684082,
            33.71152877807617,
            18.533649444580078,
            39.73377227783203,
            21.947744369506836,
            42.197696685791016,
            28.248779296875,
            43.388832092285156,
            35.447242736816406,
            42.56629943847656,
            41.884605407714844,
            40.335899353027344,
            46.716121673583984,
            37.89349365234375,
            49.97284698486328,
            35.694549560546875,
            52.208526611328125,
            32.071136474609375,
            15.102246284484863,
            27.524555206298828,
            16.266773223876953,
            22.292009353637695,
            20.567182540893555,
            18.848913192749023,
            27.18877601623535,
            16.8210391998291,
            35.540977478027344,
            16.91213607788086,
            45.11806106567383,
            20.160703659057617,
            50.299400329589844,
            25.62625503540039,
            11.940215110778809,
            35.665287017822266,
            11.482110977172852,
            27.07093048095703,
            12.160622596740723,
            19.628990173339844,
            16.755508422851562,
            14.803949356079102,
            24.27918243408203,
            12.272063255310059,
            34.893775939941406,
            12.126975059509277,
            7.821240425109863,
            36.952640533447266,
            14.042274475097656,
            44.399658203125,
            18.497438430786133,
            48.474082946777344,
            25.918363571166992,
            50.08308410644531,
            36.05607604980469,
            48.073490142822266,
            43.11686706542969,
            44.81110763549805,
            48.1701545715332,
            41.56248092651367,
            51.89430236816406,
            38.127017974853516,
            54.29970169067383,
            33.0838508605957,
            7.667434215545654,
            25.918359756469727,
            8.667293548583984,
            17.005565643310547,
            13.377175331115723,
            10.996334075927734,
            21.732280731201172,
            7.637401103973389,
            33.343650817871094,
            7.2386956214904785,
            46.66770553588867,
            7.574769496917725,
            49.259925842285156,
            15.418903350830078,
            55.288394927978516,
            24.98984146118164
        ],